step,tda_running_acc,freetta_running_acc
1,0.0,0.0
2,0.5,0.5
3,0.6666666666666666,0.6666666666666666
4,0.5,0.5
5,0.6,0.6
6,0.6666666666666666,0.6666666666666666
7,0.7142857142857143,0.7142857142857143
8,0.625,0.625
9,0.5555555555555556,0.5555555555555556
10,0.6,0.6
11,0.5454545454545454,0.5454545454545454
12,0.5,0.5
13,0.5384615384615384,0.5384615384615384
14,0.5,0.5
15,0.5333333333333333,0.5333333333333333
16,0.5,0.5
17,0.5294117647058824,0.5294117647058824
18,0.5,0.5
19,0.47368421052631576,0.47368421052631576
20,0.45,0.45
21,0.47619047619047616,0.47619047619047616
22,0.45454545454545453,0.45454545454545453
23,0.4782608695652174,0.4782608695652174
24,0.5,0.5
25,0.52,0.52
26,0.5384615384615384,0.5384615384615384
27,0.5185185185185185,0.5185185185185185
28,0.5357142857142857,0.5357142857142857
29,0.5172413793103449,0.5172413793103449
30,0.5,0.5
31,0.4838709677419355,0.4838709677419355
32,0.46875,0.46875
33,0.48484848484848486,0.48484848484848486
34,0.47058823529411764,0.47058823529411764
35,0.45714285714285713,0.45714285714285713
36,0.4722222222222222,0.4722222222222222
37,0.4594594594594595,0.4594594594594595
38,0.4473684210526316,0.4473684210526316
39,0.46153846153846156,0.46153846153846156
40,0.45,0.45
41,0.4634146341463415,0.4634146341463415
42,0.4523809523809524,0.4523809523809524
43,0.4418604651162791,0.4418604651162791
44,0.4318181818181818,0.4318181818181818
45,0.4222222222222222,0.4222222222222222
46,0.41304347826086957,0.41304347826086957
47,0.425531914893617,0.425531914893617
48,0.4166666666666667,0.4166666666666667
49,0.40816326530612246,0.40816326530612246
50,0.42,0.42
51,0.4117647058823529,0.4117647058823529
52,0.4230769230769231,0.4230769230769231
53,0.41509433962264153,0.41509433962264153
54,0.42592592592592593,0.42592592592592593
55,0.41818181818181815,0.41818181818181815
56,0.42857142857142855,0.42857142857142855
57,0.42105263157894735,0.42105263157894735
58,0.41379310344827586,0.41379310344827586
59,0.423728813559322,0.423728813559322
60,0.43333333333333335,0.43333333333333335
61,0.4262295081967213,0.4262295081967213
62,0.43548387096774194,0.43548387096774194
63,0.42857142857142855,0.42857142857142855
64,0.421875,0.421875
65,0.4153846153846154,0.4153846153846154
66,0.4090909090909091,0.4090909090909091
67,0.40298507462686567,0.40298507462686567
68,0.39705882352941174,0.39705882352941174
69,0.4057971014492754,0.4057971014492754
70,0.4,0.4
71,0.39436619718309857,0.39436619718309857
72,0.4027777777777778,0.4027777777777778
73,0.410958904109589,0.410958904109589
74,0.40540540540540543,0.40540540540540543
75,0.41333333333333333,0.41333333333333333
76,0.42105263157894735,0.42105263157894735
77,0.4155844155844156,0.4155844155844156
78,0.41025641025641024,0.41025641025641024
79,0.4177215189873418,0.4177215189873418
80,0.4125,0.4125
81,0.4074074074074074,0.4074074074074074
82,0.4024390243902439,0.4024390243902439
83,0.40963855421686746,0.40963855421686746
84,0.40476190476190477,0.40476190476190477
85,0.4117647058823529,0.4117647058823529
86,0.4186046511627907,0.4186046511627907
87,0.42528735632183906,0.42528735632183906
88,0.42045454545454547,0.42045454545454547
89,0.4157303370786517,0.4157303370786517
90,0.4222222222222222,0.4222222222222222
91,0.42857142857142855,0.42857142857142855
92,0.42391304347826086,0.42391304347826086
93,0.41935483870967744,0.41935483870967744
94,0.4148936170212766,0.4148936170212766
95,0.4105263157894737,0.4105263157894737
96,0.4166666666666667,0.4166666666666667
97,0.41237113402061853,0.41237113402061853
98,0.40816326530612246,0.40816326530612246
99,0.41414141414141414,0.41414141414141414
100,0.42,0.42
101,0.4158415841584158,0.4158415841584158
102,0.4117647058823529,0.4117647058823529
103,0.4077669902912621,0.4077669902912621
104,0.41346153846153844,0.41346153846153844
105,0.41904761904761906,0.41904761904761906
106,0.41509433962264153,0.41509433962264153
107,0.411214953271028,0.411214953271028
108,0.4074074074074074,0.4074074074074074
109,0.41284403669724773,0.41284403669724773
110,0.4090909090909091,0.4090909090909091
111,0.4144144144144144,0.4144144144144144
112,0.4107142857142857,0.4107142857142857
113,0.415929203539823,0.415929203539823
114,0.41228070175438597,0.41228070175438597
115,0.41739130434782606,0.41739130434782606
116,0.41379310344827586,0.41379310344827586
117,0.41025641025641024,0.41025641025641024
118,0.4067796610169492,0.4067796610169492
119,0.4117647058823529,0.4117647058823529
120,0.4166666666666667,0.4166666666666667
121,0.4132231404958678,0.4132231404958678
122,0.4098360655737705,0.4098360655737705
123,0.4065040650406504,0.4065040650406504
124,0.4112903225806452,0.4112903225806452
125,0.416,0.416
126,0.42063492063492064,0.42063492063492064
127,0.41732283464566927,0.41732283464566927
128,0.4140625,0.4140625
129,0.4108527131782946,0.4108527131782946
130,0.4076923076923077,0.4076923076923077
131,0.40458015267175573,0.40458015267175573
132,0.4090909090909091,0.4090909090909091
133,0.40601503759398494,0.40601503759398494
134,0.41044776119402987,0.41044776119402987
135,0.4074074074074074,0.4074074074074074
136,0.4117647058823529,0.4117647058823529
137,0.41605839416058393,0.41605839416058393
138,0.42028985507246375,0.42028985507246375
139,0.4244604316546763,0.4244604316546763
140,0.42142857142857143,0.42142857142857143
141,0.41843971631205673,0.41843971631205673
142,0.4154929577464789,0.4154929577464789
143,0.4195804195804196,0.4195804195804196
144,0.4166666666666667,0.4166666666666667
145,0.41379310344827586,0.41379310344827586
146,0.4178082191780822,0.4178082191780822
147,0.41496598639455784,0.41496598639455784
148,0.41216216216216217,0.41216216216216217
149,0.40939597315436244,0.40939597315436244
150,0.41333333333333333,0.41333333333333333
151,0.4105960264900662,0.4105960264900662
152,0.4144736842105263,0.4144736842105263
153,0.4117647058823529,0.4117647058823529
154,0.4155844155844156,0.4155844155844156
155,0.41935483870967744,0.41935483870967744
156,0.4230769230769231,0.4230769230769231
157,0.4267515923566879,0.4267515923566879
158,0.4240506329113924,0.4240506329113924
159,0.42138364779874216,0.42138364779874216
160,0.41875,0.41875
161,0.4161490683229814,0.4161490683229814
162,0.41975308641975306,0.41975308641975306
163,0.4233128834355828,0.4233128834355828
164,0.42073170731707316,0.42073170731707316
165,0.41818181818181815,0.41818181818181815
166,0.42168674698795183,0.42168674698795183
167,0.4251497005988024,0.4251497005988024
168,0.42857142857142855,0.4226190476190476
169,0.4260355029585799,0.42011834319526625
170,0.4294117647058823,0.4235294117647059
171,0.4269005847953216,0.42105263157894735
172,0.43023255813953487,0.42441860465116277
173,0.43352601156069365,0.4277456647398844
174,0.4367816091954023,0.43103448275862066
175,0.4342857142857143,0.42857142857142855
176,0.4375,0.4318181818181818
177,0.4350282485875706,0.4293785310734463
178,0.43820224719101125,0.43258426966292135
179,0.441340782122905,0.43575418994413406
180,0.4388888888888889,0.43333333333333335
181,0.4419889502762431,0.43646408839779005
182,0.43956043956043955,0.4340659340659341
183,0.4371584699453552,0.43169398907103823
184,0.44021739130434784,0.43478260869565216
185,0.43783783783783786,0.43243243243243246
186,0.43548387096774194,0.43010752688172044
187,0.4385026737967914,0.43315508021390375
188,0.43617021276595747,0.4308510638297872
189,0.43386243386243384,0.42857142857142855
190,0.4368421052631579,0.43157894736842106
191,0.43455497382198954,0.4293193717277487
192,0.4322916666666667,0.4270833333333333
193,0.43005181347150256,0.42487046632124353
194,0.4329896907216495,0.42783505154639173
195,0.4307692307692308,0.4256410256410256
196,0.42857142857142855,0.42346938775510207
197,0.4263959390862944,0.4213197969543147
198,0.42424242424242425,0.41919191919191917
199,0.4271356783919598,0.4221105527638191
200,0.425,0.42
201,0.4228855721393035,0.417910447761194
202,0.4207920792079208,0.4158415841584158
203,0.4187192118226601,0.41379310344827586
204,0.4215686274509804,0.4166666666666667
205,0.4195121951219512,0.4146341463414634
206,0.4174757281553398,0.41262135922330095
207,0.42028985507246375,0.41545893719806765
208,0.4230769230769231,0.4182692307692308
209,0.42105263157894735,0.41626794258373206
210,0.41904761904761906,0.4142857142857143
211,0.41706161137440756,0.41232227488151657
212,0.41509433962264153,0.41037735849056606
213,0.4131455399061033,0.4084507042253521
214,0.411214953271028,0.40654205607476634
215,0.413953488372093,0.40930232558139534
216,0.4166666666666667,0.41203703703703703
217,0.4147465437788018,0.41013824884792627
218,0.41284403669724773,0.40825688073394495
219,0.4155251141552511,0.410958904109589
220,0.41363636363636364,0.4090909090909091
221,0.416289592760181,0.4117647058823529
222,0.4144144144144144,0.4099099099099099
223,0.4125560538116592,0.4080717488789238
224,0.41517857142857145,0.4107142857142857
225,0.41333333333333333,0.4088888888888889
226,0.415929203539823,0.41150442477876104
227,0.4185022026431718,0.41409691629955947
228,0.42105263157894735,0.4166666666666667
229,0.4192139737991266,0.4148471615720524
230,0.4217391304347826,0.41739130434782606
231,0.4199134199134199,0.4155844155844156
232,0.41810344827586204,0.41379310344827586
233,0.41630901287553645,0.41201716738197425
234,0.4188034188034188,0.41452991452991456
235,0.42127659574468085,0.41702127659574467
236,0.423728813559322,0.4194915254237288
237,0.4219409282700422,0.4177215189873418
238,0.42436974789915966,0.42016806722689076
239,0.4225941422594142,0.4225941422594142
240,0.42083333333333334,0.42083333333333334
241,0.4190871369294606,0.4190871369294606
242,0.41735537190082644,0.4214876033057851
243,0.4156378600823045,0.41975308641975306
244,0.4139344262295082,0.4180327868852459
245,0.4122448979591837,0.4163265306122449
246,0.4105691056910569,0.4146341463414634
247,0.4089068825910931,0.41295546558704455
248,0.40725806451612906,0.4112903225806452
249,0.40562248995983935,0.40963855421686746
250,0.404,0.408
251,0.40239043824701193,0.4063745019920319
252,0.4007936507936508,0.4087301587301587
253,0.39920948616600793,0.40711462450592883
254,0.39763779527559057,0.40551181102362205
255,0.4,0.40784313725490196
256,0.3984375,0.40625
257,0.3968871595330739,0.4046692607003891
258,0.3953488372093023,0.40310077519379844
259,0.3938223938223938,0.4015444015444015
260,0.39615384615384613,0.40384615384615385
261,0.3946360153256705,0.40229885057471265
262,0.3931297709923664,0.40076335877862596
263,0.3916349809885932,0.39923954372623577
264,0.3939393939393939,0.4015151515151515
265,0.39622641509433965,0.4037735849056604
266,0.39473684210526316,0.40225563909774437
267,0.39325842696629215,0.40074906367041196
268,0.3917910447761194,0.39925373134328357
269,0.3903345724907063,0.39776951672862454
270,0.3888888888888889,0.4
271,0.3874538745387454,0.3985239852398524
272,0.3860294117647059,0.39705882352941174
273,0.3882783882783883,0.3992673992673993
274,0.3905109489051095,0.40145985401459855
275,0.3890909090909091,0.4036363636363636
276,0.38768115942028986,0.40217391304347827
277,0.3898916967509025,0.4007220216606498
278,0.3920863309352518,0.4028776978417266
279,0.3906810035842294,0.4014336917562724
280,0.3892857142857143,0.4
281,0.3879003558718861,0.398576512455516
282,0.38652482269503546,0.3971631205673759
283,0.38515901060070673,0.3957597173144876
284,0.38380281690140844,0.39436619718309857
285,0.38596491228070173,0.39649122807017545
286,0.3881118881118881,0.3986013986013986
287,0.3902439024390244,0.40069686411149824
288,0.3888888888888889,0.3993055555555556
289,0.3875432525951557,0.39792387543252594
290,0.38620689655172413,0.39655172413793105
291,0.38831615120274915,0.39862542955326463
292,0.3904109589041096,0.4006849315068493
293,0.3924914675767918,0.40273037542662116
294,0.3945578231292517,0.40476190476190477
295,0.39322033898305087,0.4067796610169492
296,0.3918918918918919,0.40540540540540543
297,0.3939393939393939,0.4074074074074074
298,0.3926174496644295,0.40604026845637586
299,0.39464882943143814,0.4080267558528428
300,0.39666666666666667,0.41
301,0.39867109634551495,0.4119601328903654
302,0.3973509933774834,0.4105960264900662
303,0.39603960396039606,0.41254125412541254
304,0.3980263157894737,0.4144736842105263
305,0.39672131147540984,0.4131147540983607
306,0.39869281045751637,0.4150326797385621
307,0.3973941368078176,0.41368078175895767
308,0.3961038961038961,0.41233766233766234
309,0.3948220064724919,0.4110032362459547
310,0.3935483870967742,0.4096774193548387
311,0.3954983922829582,0.4115755627009646
312,0.3974358974358974,0.41346153846153844
313,0.3993610223642173,0.41533546325878595
314,0.4012738853503185,0.4171974522292994
315,0.4,0.4158730158730159
316,0.3987341772151899,0.41455696202531644
317,0.40063091482649843,0.416403785488959
318,0.39937106918238996,0.41509433962264153
319,0.4012539184952978,0.4169278996865204
320,0.4,0.415625
321,0.40186915887850466,0.4143302180685358
322,0.40372670807453415,0.4161490683229814
323,0.4024767801857585,0.4148606811145511
324,0.404320987654321,0.4166666666666667
325,0.40307692307692305,0.4153846153846154
326,0.4049079754601227,0.4171779141104294
327,0.4036697247706422,0.41590214067278286
328,0.4024390243902439,0.4146341463414634
329,0.40425531914893614,0.41641337386018235
330,0.40606060606060607,0.41818181818181815
331,0.40483383685800606,0.4169184290030212
332,0.4036144578313253,0.41566265060240964
333,0.40540540540540543,0.4174174174174174
334,0.4041916167664671,0.4161676646706587
335,0.4059701492537313,0.417910447761194
336,0.40476190476190477,0.4166666666666667
337,0.4065281899109792,0.41839762611275966
338,0.40828402366863903,0.42011834319526625
339,0.40707964601769914,0.41887905604719766
340,0.40588235294117647,0.4176470588235294
341,0.4046920821114369,0.41642228739002934
342,0.40350877192982454,0.4152046783625731
343,0.40524781341107874,0.41690962099125367
344,0.4069767441860465,0.4186046511627907
345,0.40869565217391307,0.42028985507246375
346,0.41040462427745666,0.4190751445086705
347,0.4092219020172911,0.41786743515850144
348,0.40804597701149425,0.4166666666666667
349,0.4068767908309456,0.4154727793696275
350,0.4085714285714286,0.41714285714285715
351,0.41025641025641024,0.4188034188034188
352,0.4090909090909091,0.41761363636363635
353,0.40793201133144474,0.4164305949008499
354,0.4067796610169492,0.4152542372881356
355,0.4056338028169014,0.4140845070422535
356,0.4044943820224719,0.41292134831460675
357,0.40336134453781514,0.4117647058823529
358,0.4022346368715084,0.4106145251396648
359,0.403899721448468,0.41225626740947074
360,0.40555555555555556,0.41388888888888886
361,0.407202216066482,0.4155124653739612
362,0.4088397790055249,0.4171270718232044
363,0.40771349862258954,0.41597796143250687
364,0.4065934065934066,0.41483516483516486
365,0.4054794520547945,0.4136986301369863
366,0.40437158469945356,0.412568306010929
367,0.40599455040871935,0.4141689373297003
368,0.4076086956521739,0.4157608695652174
369,0.4092140921409214,0.4173441734417344
370,0.41081081081081083,0.4189189189189189
371,0.40970350404312667,0.42048517520215634
372,0.40860215053763443,0.41935483870967744
373,0.4075067024128686,0.41823056300268097
374,0.40641711229946526,0.41711229946524064
375,0.4053333333333333,0.416
376,0.40425531914893614,0.4148936170212766
377,0.40583554376657827,0.41644562334217505
378,0.40476190476190477,0.41534391534391535
379,0.40369393139841686,0.41424802110817943
380,0.4026315789473684,0.4131578947368421
381,0.4041994750656168,0.4146981627296588
382,0.40575916230366493,0.4162303664921466
383,0.4073107049608355,0.4177545691906005
384,0.40625,0.4166666666666667
385,0.4051948051948052,0.41818181818181815
386,0.40414507772020725,0.4170984455958549
387,0.40310077519379844,0.4160206718346253
388,0.40463917525773196,0.41494845360824745
389,0.40359897172236503,0.4138817480719794
390,0.4025641025641026,0.4128205128205128
391,0.4040920716112532,0.4143222506393862
392,0.4030612244897959,0.413265306122449
393,0.40458015267175573,0.4122137404580153
394,0.40609137055837563,0.41116751269035534
395,0.4050632911392405,0.41012658227848103
396,0.40404040404040403,0.4090909090909091
397,0.40302267002518893,0.4080604534005038
398,0.4020100502512563,0.40703517587939697
399,0.40100250626566414,0.40601503759398494
400,0.4025,0.4075
401,0.40399002493765584,0.4089775561097257
402,0.4054726368159204,0.4079601990049751
403,0.4044665012406948,0.40694789081885857
404,0.4034653465346535,0.40594059405940597
405,0.4049382716049383,0.4049382716049383
406,0.4039408866995074,0.4064039408866995
407,0.40294840294840295,0.40540540540540543
408,0.40441176470588236,0.4068627450980392
409,0.4034229828850856,0.4058679706601467
410,0.4024390243902439,0.40487804878048783
411,0.40145985401459855,0.40389294403892945
412,0.40048543689320387,0.4053398058252427
413,0.4019370460048426,0.4067796610169492
414,0.40096618357487923,0.4057971014492754
415,0.4,0.40481927710843374
416,0.39903846153846156,0.40384615384615385
417,0.3980815347721823,0.4028776978417266
418,0.39712918660287083,0.4019138755980861
419,0.39618138424821003,0.4009546539379475
420,0.3952380952380952,0.4023809523809524
421,0.39667458432304037,0.40380047505938244
422,0.3957345971563981,0.4052132701421801
423,0.3947990543735225,0.40425531914893614
424,0.39622641509433965,0.4033018867924528
425,0.3952941176470588,0.4023529411764706
426,0.39436619718309857,0.4014084507042254
427,0.3957845433255269,0.4028103044496487
428,0.397196261682243,0.40420560747663553
429,0.3986013986013986,0.40559440559440557
430,0.4,0.4046511627906977
431,0.3990719257540603,0.4037122969837587
432,0.40046296296296297,0.4027777777777778
433,0.3995381062355658,0.4018475750577367
434,0.3986175115207373,0.4009216589861751
435,0.39770114942528734,0.4
436,0.39908256880733944,0.4013761467889908
437,0.39816933638443935,0.40274599542334094
438,0.3972602739726027,0.4018264840182648
439,0.39863325740318906,0.4031890660592255
440,0.3977272727272727,0.4022727272727273
441,0.3968253968253968,0.4013605442176871
442,0.39592760180995473,0.4004524886877828
443,0.39503386004514673,0.39954853273137697
444,0.39414414414414417,0.39864864864864863
445,0.39325842696629215,0.39775280898876403
446,0.39461883408071746,0.3968609865470852
447,0.39373601789709173,0.3959731543624161
448,0.3950892857142857,0.39732142857142855
449,0.39420935412026725,0.39643652561247217
450,0.3933333333333333,0.39555555555555555
451,0.3946784922394678,0.3968957871396896
452,0.39601769911504425,0.39601769911504425
453,0.39514348785871967,0.39514348785871967
454,0.394273127753304,0.394273127753304
455,0.3934065934065934,0.3934065934065934
456,0.3925438596491228,0.3925438596491228
457,0.3916849015317287,0.3916849015317287
458,0.3930131004366812,0.3930131004366812
459,0.39215686274509803,0.39215686274509803
460,0.3934782608695652,0.3934782608695652
461,0.3947939262472885,0.3947939262472885
462,0.3961038961038961,0.3939393939393939
463,0.39740820734341253,0.3952483801295896
464,0.39870689655172414,0.39655172413793105
465,0.3978494623655914,0.3978494623655914
466,0.39914163090128757,0.39914163090128757
467,0.39828693790149894,0.39828693790149894
468,0.3974358974358974,0.3974358974358974
469,0.39872068230277186,0.39872068230277186
470,0.4,0.39787234042553193
471,0.3991507430997877,0.3970276008492569
472,0.4004237288135593,0.3983050847457627
473,0.39957716701902746,0.3974630021141649
474,0.3987341772151899,0.39662447257383965
475,0.39789473684210525,0.3957894736842105
476,0.39705882352941174,0.3949579831932773
477,0.39832285115303984,0.39622641509433965
478,0.39748953974895396,0.39539748953974896
479,0.3966597077244259,0.3945720250521921
480,0.39791666666666664,0.3958333333333333
481,0.3991683991683992,0.39501039501039503
482,0.3983402489626556,0.3941908713692946
483,0.3995859213250518,0.39544513457556935
484,0.3987603305785124,0.39462809917355374
485,0.3979381443298969,0.3938144329896907
486,0.3991769547325103,0.3950617283950617
487,0.39835728952772076,0.3942505133470226
488,0.3975409836065574,0.39344262295081966
489,0.3967280163599182,0.39263803680981596
490,0.39591836734693875,0.39183673469387753
491,0.395112016293279,0.3910386965376782
492,0.3943089430894309,0.39227642276422764
493,0.39553752535496955,0.3935091277890467
494,0.3967611336032389,0.39473684210526316
495,0.39595959595959596,0.3939393939393939
496,0.3971774193548387,0.39314516129032256
497,0.3963782696177062,0.39235412474849096
498,0.39558232931726905,0.39357429718875503
499,0.3967935871743487,0.3927855711422846
500,0.396,0.392
501,0.3972055888223553,0.3932135728542914
502,0.398406374501992,0.3944223107569721
503,0.3976143141153082,0.39363817097415504
504,0.3968253968253968,0.39285714285714285
505,0.39603960396039606,0.3920792079207921
506,0.39723320158102765,0.391304347826087
507,0.39644970414201186,0.3905325443786982
508,0.39763779527559057,0.39173228346456695
509,0.3988212180746562,0.3929273084479371
510,0.4,0.3941176470588235
511,0.39921722113502933,0.3933463796477495
512,0.3984375,0.392578125
513,0.3996101364522417,0.3937621832358674
514,0.40077821011673154,0.3949416342412451
515,0.4,0.3941747572815534
516,0.3992248062015504,0.39341085271317827
517,0.40038684719535783,0.39264990328820115
518,0.3996138996138996,0.3918918918918919
519,0.3988439306358382,0.3911368015414258
520,0.39807692307692305,0.3903846153846154
521,0.39731285988483683,0.3896353166986564
522,0.39655172413793105,0.3888888888888889
523,0.39579349904397704,0.3881453154875717
524,0.3969465648854962,0.38740458015267176
525,0.3980952380952381,0.38857142857142857
526,0.3973384030418251,0.38783269961977185
527,0.396584440227704,0.3870967741935484
528,0.3958333333333333,0.38825757575757575
529,0.3950850661625709,0.387523629489603
530,0.39433962264150946,0.3867924528301887
531,0.3954802259887006,0.3860640301318267
532,0.3966165413533835,0.38721804511278196
533,0.39587242026266417,0.38649155722326456
534,0.3970037453183521,0.38764044943820225
535,0.3981308411214953,0.38691588785046727
536,0.39925373134328357,0.3880597014925373
537,0.3985102420856611,0.38733705772811916
538,0.3996282527881041,0.38847583643122674
539,0.39888682745825604,0.3877551020408163
540,0.39814814814814814,0.387037037037037
541,0.39926062846580407,0.38817005545286504
542,0.4003690036900369,0.3892988929889299
543,0.3996316758747698,0.3885819521178637
544,0.39889705882352944,0.38786764705882354
545,0.3981651376146789,0.3871559633027523
546,0.3992673992673993,0.38644688644688646
547,0.39853747714808047,0.3857404021937843
548,0.3978102189781022,0.38503649635036497
549,0.3989071038251366,0.3843351548269581
550,0.4,0.38545454545454544
551,0.4010889292196007,0.38656987295825773
552,0.40217391304347827,0.38768115942028986
553,0.4014466546112116,0.38698010849909587
554,0.40252707581227437,0.388086642599278
555,0.4018018018018018,0.38738738738738737
556,0.4028776978417266,0.38848920863309355
557,0.4021543985637343,0.3877917414721723
558,0.4014336917562724,0.3870967741935484
559,0.40250447227191416,0.3881932021466905
560,0.4035714285714286,0.3892857142857143
561,0.4028520499108734,0.38859180035650626
562,0.40213523131672596,0.3879003558718861
563,0.40142095914742454,0.38898756660746003
564,0.40070921985815605,0.3882978723404255
565,0.4,0.38761061946902653
566,0.3992932862190813,0.3869257950530035
567,0.3985890652557319,0.3862433862433862
568,0.397887323943662,0.3855633802816901
569,0.3989455184534271,0.3866432337434095
570,0.39824561403508774,0.387719298245614
571,0.39929947460595444,0.38879159369527144
572,0.3986013986013986,0.3881118881118881
573,0.39790575916230364,0.387434554973822
574,0.397212543554007,0.3867595818815331
575,0.3982608695652174,0.38782608695652177
576,0.3993055555555556,0.3888888888888889
577,0.4003466204506066,0.389948006932409
578,0.39965397923875434,0.3892733564013841
579,0.4006908462867012,0.3903281519861831
580,0.4017241379310345,0.3913793103448276
581,0.4010327022375215,0.39070567986230637
582,0.40034364261168387,0.3900343642611684
583,0.4013722126929674,0.3910806174957118
584,0.4006849315068493,0.3904109589041096
585,0.4017094017094017,0.38974358974358975
586,0.40102389078498296,0.3890784982935154
587,0.40034071550255534,0.38841567291311757
588,0.4013605442176871,0.38945578231292516
589,0.400679117147708,0.38879456706281834
590,0.4016949152542373,0.38813559322033897
591,0.4027072758037225,0.38917089678510997
592,0.40202702702702703,0.3885135135135135
593,0.40134907251264756,0.38785834738617203
594,0.4006734006734007,0.3872053872053872
595,0.4016806722689076,0.38823529411764707
596,0.40268456375838924,0.38926174496644295
597,0.4020100502512563,0.38860971524288107
598,0.4013377926421405,0.3879598662207358
599,0.4023372287145242,0.38898163606010017
600,0.40166666666666667,0.3883333333333333
601,0.40099833610648916,0.3876871880199667
602,0.4019933554817276,0.38870431893687707
603,0.40298507462686567,0.38971807628524047
604,0.402317880794702,0.3890728476821192
605,0.40165289256198344,0.3884297520661157
606,0.40264026402640263,0.38778877887788776
607,0.40362438220757824,0.3871499176276771
608,0.4029605263157895,0.38651315789473684
609,0.40229885057471265,0.38587848932676516
610,0.40327868852459015,0.38688524590163936
611,0.40425531914893614,0.3878887070376432
612,0.4035947712418301,0.3888888888888889
613,0.4029363784665579,0.38825448613376834
614,0.4022801302931596,0.38762214983713356
615,0.4016260162601626,0.38699186991869916
616,0.400974025974026,0.38636363636363635
617,0.40032414910858993,0.3857374392220421
618,0.39967637540453077,0.3851132686084142
619,0.40064620355411956,0.3861066235864297
620,0.40161290322580645,0.3870967741935484
621,0.4025764895330113,0.3864734299516908
622,0.40192926045016075,0.3858520900321543
623,0.4012841091492777,0.3852327447833066
624,0.40064102564102566,0.38461538461538464
625,0.4016,0.3856
626,0.402555910543131,0.3865814696485623
627,0.4019138755980861,0.38596491228070173
628,0.4012738853503185,0.3853503184713376
629,0.40222575516693165,0.3847376788553259
630,0.4015873015873016,0.38412698412698415
631,0.40253565768621236,0.38510301109350237
632,0.40348101265822783,0.38449367088607594
633,0.4028436018957346,0.38388625592417064
634,0.4037854889589905,0.38485804416403785
635,0.4031496062992126,0.384251968503937
636,0.40408805031446543,0.3836477987421384
637,0.40345368916797486,0.38304552590266877
638,0.40282131661442006,0.3824451410658307
639,0.40219092331768386,0.38184663536776214
640,0.4015625,0.38125
641,0.40093603744149764,0.38065522620904835
642,0.40186915887850466,0.38161993769470404
643,0.401244167962675,0.3810264385692068
644,0.40062111801242234,0.3804347826086957
645,0.4015503875968992,0.3813953488372093
646,0.40092879256965946,0.38080495356037153
647,0.401854714064915,0.3802163833075734
648,0.4012345679012346,0.37962962962962965
649,0.40215716486902925,0.38058551617873654
650,0.4015384615384615,0.38
651,0.402457757296467,0.38095238095238093
652,0.40337423312883436,0.38190184049079756
653,0.40428790199081166,0.38131699846860645
654,0.4036697247706422,0.38073394495412843
655,0.4030534351145038,0.3801526717557252
656,0.4024390243902439,0.3795731707317073
657,0.4018264840182648,0.3789954337899543
658,0.4012158054711246,0.378419452887538
659,0.40212443095599393,0.37936267071320184
660,0.403030303030303,0.3803030303030303
661,0.4039334341906203,0.3812405446293495
662,0.4033232628398791,0.3806646525679758
663,0.40271493212669685,0.38009049773755654
664,0.40210843373493976,0.3795180722891566
665,0.40150375939849625,0.37894736842105264
666,0.4009009009009009,0.3783783783783784
667,0.4017991004497751,0.3793103448275862
668,0.4026946107784431,0.38023952095808383
669,0.40358744394618834,0.3811659192825112
670,0.40298507462686567,0.3805970149253731
671,0.40238450074515647,0.38002980625931443
672,0.4017857142857143,0.3794642857142857
673,0.4026745913818722,0.3803863298662704
674,0.4035608308605341,0.38130563798219586
675,0.40444444444444444,0.38222222222222224
676,0.40384615384615385,0.3816568047337278
677,0.4032496307237814,0.3810930576070901
678,0.40412979351032446,0.3805309734513274
679,0.40353460972017674,0.3799705449189985
680,0.40441176470588236,0.38088235294117645
681,0.4052863436123348,0.38179148311306904
682,0.4046920821114369,0.3812316715542522
683,0.4055636896046852,0.3821376281112738
684,0.4064327485380117,0.3815789473684211
685,0.4072992700729927,0.381021897810219
686,0.4067055393586006,0.380466472303207
687,0.40756914119359533,0.3799126637554585
688,0.40843023255813954,0.3808139534883721
689,0.409288824383164,0.38171262699564584
690,0.40869565217391307,0.38115942028985506
691,0.40955137481910275,0.38205499276411
692,0.40895953757225434,0.3815028901734104
693,0.4083694083694084,0.38095238095238093
694,0.4092219020172911,0.3818443804034582
695,0.40863309352517985,0.381294964028777
696,0.40804597701149425,0.3807471264367816
697,0.40746054519368724,0.3802008608321377
698,0.4068767908309456,0.37965616045845274
699,0.40772532188841204,0.3805436337625179
700,0.4085714285714286,0.38
701,0.4079885877318117,0.37945791726105566
702,0.40883190883190884,0.3803418803418803
703,0.40825035561877665,0.37980085348506404
704,0.40767045454545453,0.37926136363636365
705,0.4085106382978723,0.37872340425531914
706,0.40793201133144474,0.3781869688385269
707,0.4087694483734088,0.37906647807637905
708,0.4081920903954802,0.3785310734463277
709,0.4076163610719323,0.37799717912552894
710,0.4070422535211268,0.37746478873239436
711,0.40646976090014064,0.3769338959212377
712,0.40730337078651685,0.37640449438202245
713,0.4067321178120617,0.37727910238429174
714,0.4061624649859944,0.37675070028011204
715,0.406993006993007,0.3776223776223776
716,0.40782122905027934,0.3784916201117318
717,0.4072524407252441,0.37796373779637377
718,0.40668523676880225,0.3774373259052925
719,0.40611961057023643,0.3769123783031989
720,0.40694444444444444,0.3763888888888889
721,0.4077669902912621,0.37586685159500693
722,0.407202216066482,0.37534626038781166
723,0.4066390041493776,0.3748271092669433
724,0.40607734806629836,0.3743093922651934
725,0.4068965517241379,0.3737931034482759
726,0.40771349862258954,0.3746556473829201
727,0.40852819807427787,0.3741403026134801
728,0.40796703296703296,0.37362637362637363
729,0.4074074074074074,0.3731138545953361
730,0.40684931506849314,0.3726027397260274
731,0.4076607387140903,0.3734610123119015
732,0.40710382513661203,0.3729508196721312
733,0.40654843110504774,0.373806275579809
734,0.40599455040871935,0.37329700272479566
735,0.40680272108843535,0.3727891156462585
736,0.40625,0.37228260869565216
737,0.4056987788331072,0.37177747625508817
738,0.4065040650406504,0.3712737127371274
739,0.4059539918809202,0.37077131258457374
740,0.40675675675675677,0.3716216216216216
741,0.407557354925776,0.3724696356275304
742,0.40700808625336926,0.3719676549865229
743,0.4064602960969044,0.3714670255720054
744,0.40591397849462363,0.3709677419354839
745,0.4053691275167785,0.3718120805369127
746,0.40482573726541554,0.37131367292225204
747,0.40562248995983935,0.37215528781793844
748,0.4050802139037433,0.3729946524064171
749,0.40587449933244324,0.37383177570093457
750,0.4053333333333333,0.37333333333333335
751,0.40612516644474034,0.374167776298269
752,0.40691489361702127,0.37367021276595747
753,0.4063745019920319,0.37317397078353254
754,0.40716180371352784,0.3740053050397878
755,0.4066225165562914,0.37350993377483444
756,0.4060846560846561,0.373015873015873
757,0.40554821664464996,0.3725231175693527
758,0.4050131926121372,0.3720316622691293
759,0.4057971014492754,0.37285902503293805
760,0.4052631578947368,0.37236842105263157
761,0.4060446780551905,0.3731931668856767
762,0.4068241469816273,0.37401574803149606
763,0.40629095674967236,0.3735255570117955
764,0.40575916230366493,0.3730366492146597
765,0.40522875816993464,0.37254901960784315
766,0.40600522193211486,0.3720626631853786
767,0.40547588005215124,0.37157757496740546
768,0.4049479166666667,0.37109375
769,0.4044213263979194,0.3706111833550065
770,0.4038961038961039,0.37012987012987014
771,0.4033722438391699,0.36964980544747084
772,0.4028497409326425,0.36917098445595853
773,0.4023285899094437,0.36869340232858994
774,0.4018087855297158,0.3682170542635659
775,0.40258064516129033,0.3690322580645161
776,0.4020618556701031,0.36855670103092786
777,0.40283140283140284,0.3680823680823681
778,0.40359897172236503,0.36889460154241643
779,0.4030808729139923,0.36970474967907574
780,0.4025641025641026,0.36923076923076925
781,0.4033290653008963,0.3700384122919334
782,0.40281329923273657,0.3695652173913043
783,0.40357598978288634,0.37037037037037035
784,0.4030612244897959,0.36989795918367346
785,0.40382165605095544,0.36942675159235666
786,0.40458015267175573,0.3702290076335878
787,0.4040660736975858,0.3697585768742058
788,0.4035532994923858,0.36928934010152287
789,0.40430925221799746,0.3688212927756654
790,0.40379746835443037,0.36835443037974686
791,0.404551201011378,0.3691529709228824
792,0.40404040404040403,0.3686868686868687
793,0.403530895334174,0.3682219419924338
794,0.40302267002518893,0.3677581863979849
795,0.4037735849056604,0.36855345911949683
796,0.4045226130653266,0.3693467336683417
797,0.40401505646173147,0.36888331242158096
798,0.40350877192982454,0.3684210526315789
799,0.40425531914893614,0.3692115143929912
800,0.405,0.36875
801,0.4044943820224719,0.3682896379525593
802,0.40399002493765584,0.36783042394014964
803,0.40348692403486924,0.3686176836861768
804,0.40298507462686567,0.3681592039800995
805,0.40248447204968946,0.36770186335403726
806,0.40198511166253104,0.36724565756823824
807,0.40148698884758366,0.3667905824039653
808,0.400990099009901,0.36633663366336633
809,0.4004944375772559,0.3658838071693449
810,0.4012345679012346,0.36666666666666664
811,0.40197287299630086,0.36621454993834773
812,0.4014778325123153,0.3657635467980296
813,0.4009840098400984,0.36531365313653136
814,0.40171990171990174,0.36609336609336607
815,0.40245398773006136,0.3656441717791411
816,0.4019607843137255,0.36642156862745096
817,0.40269277845777235,0.3671970624235006
818,0.402200488997555,0.36674816625916873
819,0.4017094017094017,0.3663003663003663
820,0.401219512195122,0.36585365853658536
821,0.4007308160779537,0.3654080389768575
822,0.40145985401459855,0.3661800486618005
823,0.40097205346294046,0.36573511543134873
824,0.4016990291262136,0.36529126213592233
825,0.4012121212121212,0.36484848484848487
826,0.4019370460048426,0.36561743341404357
827,0.4014510278113664,0.3651753325272068
828,0.40217391304347827,0.36594202898550726
829,0.4016887816646562,0.36550060313630883
830,0.40240963855421685,0.3650602409638554
831,0.4019253910950662,0.36462093862815886
832,0.4014423076923077,0.3641826923076923
833,0.4009603841536615,0.3637454981992797
834,0.40047961630695444,0.36330935251798563
835,0.4,0.362874251497006
836,0.4007177033492823,0.36363636363636365
837,0.4014336917562724,0.3643966547192354
838,0.4009546539379475,0.3639618138424821
839,0.40166865315852207,0.36471990464839094
840,0.4011904761904762,0.36428571428571427
841,0.40190249702734837,0.36504161712247324
842,0.4026128266033254,0.3646080760095012
843,0.4033214709371293,0.365361803084223
844,0.4028436018957346,0.36492890995260663
845,0.40236686390532544,0.36449704142011835
846,0.4030732860520095,0.36524822695035464
847,0.4025974025974026,0.36481700118063753
848,0.40212264150943394,0.3643867924528302
849,0.4028268551236749,0.3651354534746761
850,0.4023529411764706,0.36470588235294116
851,0.40305522914218567,0.36427732079905994
852,0.40375586854460094,0.36384976525821594
853,0.4044548651817116,0.3645955451348183
854,0.40398126463700235,0.36416861826697894
855,0.4046783625730994,0.36374269005847953
856,0.4053738317757009,0.3644859813084112
857,0.40606767794632437,0.3652275379229872
858,0.40559440559440557,0.36480186480186483
859,0.4051222351571595,0.36437718277066355
860,0.4046511627906977,0.363953488372093
861,0.40418118466898956,0.3635307781649245
862,0.4037122969837587,0.36310904872389793
863,0.40324449594438005,0.3626882966396292
864,0.4039351851851852,0.36226851851851855
865,0.40346820809248557,0.36184971098265895
866,0.40415704387990764,0.3625866050808314
867,0.40484429065743943,0.3633217993079585
868,0.4043778801843318,0.3629032258064516
869,0.4039125431530495,0.3624856156501726
870,0.40344827586206894,0.3620689655172414
871,0.40298507462686567,0.3616532721010333
872,0.4036697247706422,0.36123853211009177
873,0.4032073310423826,0.36082474226804123
874,0.40389016018306634,0.36155606407322655
875,0.4045714285714286,0.36228571428571427
876,0.4041095890410959,0.3618721461187215
877,0.40364880273660203,0.3614595210946408
878,0.4031890660592255,0.36104783599088835
879,0.40273037542662116,0.36063708759954494
880,0.4034090909090909,0.36022727272727273
881,0.4029511918274688,0.3598183881952327
882,0.4036281179138322,0.36054421768707484
883,0.4031710079275198,0.36013590033975085
884,0.40384615384615385,0.3597285067873303
885,0.4033898305084746,0.3593220338983051
886,0.4040632054176072,0.35891647855530473
887,0.4036076662908681,0.35851183765501693
888,0.40427927927927926,0.35923423423423423
889,0.40382452193475815,0.35883014623172105
890,0.40337078651685393,0.3595505617977528
891,0.40291806958473625,0.35914702581369246
892,0.40358744394618834,0.3598654708520179
893,0.40313549832026874,0.3594624860022396
894,0.40268456375838924,0.35906040268456374
895,0.4022346368715084,0.358659217877095
896,0.4029017857142857,0.359375
897,0.4035674470457079,0.3600891861761427
898,0.40311804008908686,0.3596881959910913
899,0.40378197997775306,0.3592880978865406
900,0.40444444444444444,0.36
901,0.4039955604883463,0.35960044395116536
902,0.40465631929046564,0.360310421286031
903,0.40420819490586934,0.3599114064230343
904,0.40486725663716816,0.3606194690265487
905,0.4044198895027624,0.3602209944751381
906,0.40397350993377484,0.3598233995584989
907,0.4046306504961411,0.360529217199559
908,0.4041850220264317,0.3601321585903084
909,0.40484048404840484,0.35973597359735976
910,0.4043956043956044,0.35934065934065934
911,0.40504939626783754,0.3600439077936334
912,0.4057017543859649,0.3607456140350877
913,0.4063526834611172,0.3614457831325301
914,0.40700218818380746,0.3610503282275711
915,0.4065573770491803,0.36065573770491804
916,0.40720524017467247,0.361353711790393
917,0.40676117775354415,0.36095965103598693
918,0.40631808278867104,0.36056644880174293
919,0.4058759521218716,0.36126224156692055
920,0.40652173913043477,0.36086956521739133
921,0.40608034744842564,0.36047774158523344
922,0.4067245119305857,0.3600867678958785
923,0.40628385698808234,0.35969664138678226
924,0.40584415584415584,0.3593073593073593
925,0.40540540540540543,0.3589189189189189
926,0.40496760259179265,0.35853131749460043
927,0.4045307443365696,0.3581445523193096
928,0.4040948275862069,0.3577586206896552
929,0.4047362755651238,0.35844994617868675
930,0.4043010752688172,0.3580645161290323
931,0.40494092373791624,0.35875402792696026
932,0.40450643776824036,0.3583690987124464
933,0.4040728831725616,0.3579849946409432
934,0.40364025695931477,0.3576017130620985
935,0.4042780748663102,0.3582887700534759
936,0.40384615384615385,0.3579059829059829
937,0.4044823906083244,0.35859124866595515
938,0.40405117270788915,0.3582089552238806
939,0.4036208732694356,0.35782747603833864
940,0.40425531914893614,0.35851063829787233
941,0.4038257173219979,0.35812964930924546
942,0.4033970276008493,0.35774946921443734
943,0.40402969247083775,0.3584305408271474
944,0.4036016949152542,0.3580508474576271
945,0.4042328042328042,0.35873015873015873
946,0.4048625792811839,0.3594080338266385
947,0.4044350580781415,0.3590285110876452
948,0.4040084388185654,0.35864978902953587
949,0.40463645943098,0.35932560590094836
950,0.40421052631578946,0.3589473684210526
951,0.4048370136698212,0.35856992639327023
952,0.40441176470588236,0.3581932773109244
953,0.4050367261280168,0.3588667366211962
954,0.40461215932914046,0.3584905660377358
955,0.40523560209424087,0.3581151832460733
956,0.40585774058577406,0.3577405857740586
957,0.406478578892372,0.35841170323928945
958,0.40605427974947805,0.35803757828810023
959,0.4056308654848801,0.35766423357664234
960,0.40520833333333334,0.3572916666666667
961,0.40582726326742974,0.35796045785639957
962,0.40644490644490644,0.3575883575883576
963,0.407061266874351,0.3572170301142264
964,0.40767634854771784,0.3578838174273859
965,0.4072538860103627,0.35751295336787564
966,0.40683229813664595,0.35714285714285715
967,0.4074457083764219,0.3578076525336091
968,0.40702479338842973,0.3574380165289256
969,0.4066047471620227,0.3570691434468524
970,0.4061855670103093,0.35670103092783506
971,0.4057672502574665,0.35633367662203913
972,0.4053497942386831,0.3559670781893004
973,0.40596094552929085,0.355601233299075
974,0.406570841889117,0.35626283367556466
975,0.40615384615384614,0.3558974358974359
976,0.4067622950819672,0.35655737704918034
977,0.40736949846468784,0.3572159672466735
978,0.40797546012269936,0.35787321063394684
979,0.40755873340143,0.3575076608784474
980,0.40816326530612246,0.35714285714285715
981,0.4087665647298675,0.3577981651376147
982,0.40835030549898166,0.35845213849287166
983,0.40793489318413023,0.358087487283825
984,0.40752032520325204,0.35772357723577236
985,0.40812182741116754,0.3583756345177665
986,0.4077079107505071,0.3580121703853955
987,0.4072948328267477,0.3576494427558257
988,0.40789473684210525,0.35728744939271256
989,0.4084934277047523,0.3579373104145602
990,0.4080808080808081,0.35858585858585856
991,0.40867810292633705,0.35923309788092833
992,0.40826612903225806,0.3598790322580645
993,0.4078549848942598,0.3595166163141994
994,0.4074446680080483,0.3591549295774648
995,0.40703517587939697,0.3587939698492462
996,0.4066265060240964,0.35843373493975905
997,0.40722166499498497,0.35907723169508526
998,0.40681362725450904,0.3587174348697395
999,0.4074074074074074,0.35935935935935936
1000,0.407,0.359
1001,0.4075924075924076,0.3596403596403596
1002,0.40718562874251496,0.3592814371257485
1003,0.4077766699900299,0.3589232303090728
1004,0.4073705179282869,0.35856573705179284
1005,0.40696517412935324,0.3582089552238806
1006,0.40656063618290256,0.35785288270377735
1007,0.40615690168818275,0.35749751737835156
1008,0.40674603174603174,0.35813492063492064
1009,0.40634291377601583,0.3587710604558969
1010,0.4069306930693069,0.3584158415841584
1011,0.4075173095944609,0.3590504451038576
1012,0.40810276679841895,0.358695652173913
1013,0.40868706811451133,0.35932872655478776
1014,0.40927021696252464,0.3599605522682446
1015,0.4088669950738916,0.35960591133004927
1016,0.4094488188976378,0.359251968503937
1017,0.40904621435594885,0.35889872173058013
1018,0.4086444007858546,0.35854616895874264
1019,0.408243375858685,0.35819430814524045
1020,0.4088235294117647,0.35784313725490197
1021,0.40842311459353575,0.3574926542605289
1022,0.4090019569471624,0.35714285714285715
1023,0.40860215053763443,0.3567937438905181
1024,0.4091796875,0.3564453125
1025,0.408780487804878,0.3570731707317073
1026,0.4083820662768031,0.3567251461988304
1027,0.4089581304771178,0.35735150925024345
1028,0.4095330739299611,0.35797665369649806
1029,0.40913508260447035,0.3576287657920311
1030,0.4097087378640777,0.35825242718446604
1031,0.4093113482056256,0.35790494665373423
1032,0.40891472868217055,0.35755813953488375
1033,0.409486931268151,0.35721200387221685
1034,0.41005802707930367,0.3578336557059961
1035,0.4096618357487923,0.357487922705314
1036,0.4092664092664093,0.35714285714285715
1037,0.4088717454194793,0.35679845708775315
1038,0.40847784200385356,0.35645472061657035
1039,0.4080846968238691,0.35611164581328203
1040,0.4076923076923077,0.3557692307692308
1041,0.40730067243035545,0.3554274735830932
1042,0.4069097888675624,0.3550863723608445
1043,0.4074784276126558,0.3547459252157239
1044,0.40804597701149425,0.3544061302681992
1045,0.40861244019138754,0.3550239234449761
1046,0.40822179732313574,0.3546845124282983
1047,0.4087870105062082,0.3553008595988539
1048,0.40935114503816794,0.35591603053435117
1049,0.40896091515729266,0.3555767397521449
1050,0.4095238095238095,0.35619047619047617
1051,0.40913415794481445,0.3558515699333968
1052,0.4096958174904943,0.35551330798479086
1053,0.409306742640076,0.35517568850902187
1054,0.4089184060721063,0.3548387096774194
1055,0.4085308056872038,0.35450236966824644
1056,0.4081439393939394,0.3541666666666667
1057,0.4087038789025544,0.35383159886471144
1058,0.40831758034026466,0.3534971644612476
1059,0.40793201133144474,0.35316336166194523
1060,0.4075471698113208,0.35283018867924526
1061,0.40810556079170596,0.353440150801131
1062,0.4086629001883239,0.3540489642184557
1063,0.4082784571966134,0.35371589840075257
1064,0.40789473684210525,0.3533834586466165
1065,0.4084507042253521,0.3539906103286385
1066,0.4090056285178236,0.3545966228893058
1067,0.408622305529522,0.3542642924086223
1068,0.4091760299625468,0.3539325842696629
1069,0.4087932647333957,0.35360149672591207
1070,0.40841121495327104,0.3532710280373832
1071,0.40896358543417366,0.35294117647058826
1072,0.4085820895522388,0.35261194029850745
1073,0.4082013047530289,0.35228331780055916
1074,0.40782122905027934,0.35195530726256985
1075,0.40837209302325583,0.3516279069767442
1076,0.4079925650557621,0.3513011152416357
1077,0.4076137418755803,0.35097493036211697
1078,0.40816326530612246,0.35064935064935066
1079,0.4077849860982391,0.35032437442076
1080,0.4074074074074074,0.35
1081,0.40795559666975023,0.3506012950971323
1082,0.40850277264325324,0.35027726432532347
1083,0.4090489381348107,0.3508771929824561
1084,0.4086715867158672,0.3514760147601476
1085,0.40921658986175113,0.35207373271889403
1086,0.4088397790055249,0.35174953959484345
1087,0.4093836246550138,0.3514259429622815
1088,0.40900735294117646,0.35110294117647056
1089,0.4086317722681359,0.3507805325987144
1090,0.4091743119266055,0.3513761467889908
1091,0.40879926672777267,0.3510540788267644
1092,0.4084249084249084,0.3507326007326007
1093,0.4080512351326624,0.3504117108874657
1094,0.4085923217550274,0.3510054844606947
1095,0.40821917808219177,0.3506849315068493
1096,0.40784671532846717,0.35036496350364965
1097,0.4074749316317229,0.35004557885141296
1098,0.40710382513661203,0.34972677595628415
1099,0.4067333939945405,0.3494085532302093
1100,0.40636363636363637,0.3490909090909091
1101,0.40599455040871935,0.34877384196185285
1102,0.4056261343012704,0.3484573502722323
1103,0.40616500453309157,0.34904805077062556
1104,0.4057971014492754,0.3496376811594203
1105,0.40542986425339367,0.34932126696832577
1106,0.40596745027124775,0.34900542495479203
1107,0.4056007226738934,0.3486901535682023
1108,0.40613718411552346,0.3483754512635379
1109,0.4066726780883679,0.3489630297565374
1110,0.4063063063063063,0.34864864864864864
1111,0.40594059405940597,0.3483348334833483
1112,0.4055755395683453,0.34802158273381295
1113,0.4052111410601977,0.3477088948787062
1114,0.40484739676840215,0.3473967684021544
1115,0.4044843049327354,0.347085201793722
1116,0.40412186379928317,0.3467741935483871
1117,0.40376007162041183,0.34646374216651743
1118,0.4033989266547406,0.34615384615384615
1119,0.40393208221626453,0.34673815907059874
1120,0.4035714285714286,0.3464285714285714
1121,0.4041034790365745,0.34611953612845675
1122,0.40463458110516937,0.34581105169340465
1123,0.40427426536064115,0.3455031166518255
1124,0.40480427046263345,0.34519572953736655
1125,0.4053333333333333,0.3448888888888889
1126,0.4049733570159858,0.34458259325044405
1127,0.4046140195208518,0.3442768411712511
1128,0.4051418439716312,0.34397163120567376
1129,0.40478299379982285,0.3436669619131975
1130,0.4044247787610619,0.3433628318584071
1131,0.40495137046861185,0.34394341290893016
1132,0.4045936395759717,0.34363957597173145
1133,0.4042365401588703,0.3433362753751103
1134,0.40476190476190477,0.3430335097001764
1135,0.40440528634361234,0.34273127753303967
1136,0.4040492957746479,0.34242957746478875
1137,0.4045734388742304,0.34300791556728233
1138,0.40509666080843587,0.3427065026362039
1139,0.4047410008779631,0.3424056189640035
1140,0.4052631578947368,0.34210526315789475
1141,0.4057843996494303,0.3418054338299737
1142,0.4063047285464098,0.3423817863397548
1143,0.40594925634295714,0.342082239720035
1144,0.40646853146853146,0.34265734265734266
1145,0.4069868995633188,0.3423580786026201
1146,0.40663176265270506,0.34205933682373474
1147,0.4062772449869224,0.34176111595466435
1148,0.4059233449477352,0.34146341463414637
1149,0.40557006092254133,0.3411662315056571
1150,0.40608695652173915,0.3417391304347826
1151,0.40660295395308427,0.3423110338835795
1152,0.4071180555555556,0.3420138888888889
1153,0.40763226366001737,0.3425845620121422
1154,0.4072790294627383,0.34228769497400346
1155,0.4077922077922078,0.341991341991342
1156,0.4083044982698962,0.34256055363321797
1157,0.40881590319792566,0.34312878133102853
1158,0.40932642487046633,0.3436960276338515
1159,0.4098360655737705,0.3442622950819672
1160,0.40948275862068967,0.3439655172413793
1161,0.4099913867355728,0.34453057708871665
1162,0.40963855421686746,0.3442340791738382
1163,0.410146173688736,0.3447979363714531
1164,0.4097938144329897,0.3445017182130584
1165,0.4094420600858369,0.344206008583691
1166,0.4090909090909091,0.3439108061749571
1167,0.4087403598971722,0.34361610968294776
1168,0.4083904109589041,0.3433219178082192
1169,0.40889649272882805,0.3438836612489307
1170,0.40854700854700854,0.3435897435897436
1171,0.408198121263877,0.3441502988898377
1172,0.4087030716723549,0.3447098976109215
1173,0.4083546462063086,0.34441602728047743
1174,0.4080068143100511,0.3441226575809199
1175,0.4085106382978723,0.3446808510638298
1176,0.40901360544217685,0.34523809523809523
1177,0.4086661002548853,0.3449447748513169
1178,0.4091680814940577,0.3455008488964346
1179,0.40966921119592875,0.3452078032230704
1180,0.4101694915254237,0.34576271186440677
1181,0.4106689246401355,0.34631668077900085
1182,0.4103214890016921,0.3460236886632826
1183,0.41081994928148774,0.34657650042265425
1184,0.41047297297297297,0.34628378378378377
1185,0.4109704641350211,0.3468354430379747
1186,0.4114671163575042,0.34654300168634067
1187,0.4111204717775906,0.34625105307497894
1188,0.4107744107744108,0.34595959595959597
1189,0.41042893187552565,0.3456686291000841
1190,0.41008403361344536,0.3453781512605042
1191,0.40973971452560876,0.345088161209068
1192,0.40939597315436244,0.3447986577181208
1193,0.4090528080469405,0.34450963956412406
1194,0.40871021775544386,0.3442211055276382
1195,0.4092050209205021,0.34393305439330546
1196,0.4088628762541806,0.34364548494983277
1197,0.40852130325814534,0.3433583959899749
1198,0.4081803005008347,0.34307178631051755
1199,0.4078398665554629,0.3427856547122602
1200,0.4075,0.3425
1201,0.4079933388842631,0.34221482098251454
1202,0.4084858569051581,0.34193011647254573
1203,0.4089775561097257,0.342477140482128
1204,0.40863787375415284,0.34219269102990035
1205,0.4091286307053942,0.34273858921161826
1206,0.4096185737976783,0.34328358208955223
1207,0.4101077050538525,0.34382767191383595
1208,0.4105960264900662,0.3435430463576159
1209,0.4110835401157982,0.34408602150537637
1210,0.4115702479338843,0.3446280991735537
1211,0.412056151940545,0.34516928158546656
1212,0.41254125412541254,0.3448844884488449
1213,0.41220115416323166,0.3446001648804617
1214,0.41186161449752884,0.3443163097199341
1215,0.4123456790123457,0.3448559670781893
1216,0.4120065789473684,0.34457236842105265
1217,0.4116680361544782,0.3442892358258012
1218,0.4121510673234811,0.3440065681444992
1219,0.4118129614438064,0.34372436423297786
1220,0.4122950819672131,0.3442622950819672
1221,0.411957411957412,0.343980343980344
1222,0.41243862520458263,0.3445171849427169
1223,0.41210139002452983,0.34423548650858543
1224,0.4117647058823529,0.34395424836601307
1225,0.4122448979591837,0.3436734693877551
1226,0.41190864600326266,0.3433931484502447
1227,0.41157294213528933,0.34311328443357786
1228,0.41123778501628666,0.34283387622149836
1229,0.41171684296175753,0.3433685923515053
1230,0.4113821138211382,0.34308943089430893
1231,0.41186027619821286,0.3428107229894395
1232,0.411525974025974,0.3425324675324675
1233,0.41119221411192214,0.3422546634225466
1234,0.41085899513776336,0.3419773095623987
1235,0.4105263157894737,0.3417004048582996
1236,0.4110032362459547,0.3414239482200647
1237,0.41147938561034764,0.34114793856103476
1238,0.41195476575121165,0.3408723747980614
1239,0.4124293785310734,0.3414043583535109
1240,0.4120967741935484,0.3411290322580645
1241,0.4125705076551168,0.3408541498791297
1242,0.41223832528180354,0.34057971014492755
1243,0.41190667739340303,0.3411102172164119
1244,0.4115755627009646,0.3408360128617363
1245,0.41124497991967873,0.3405622489959839
1246,0.41091492776886035,0.3402889245585875
1247,0.41058540497193263,0.3400160384923817
1248,0.4110576923076923,0.33974358974358976
1249,0.41072858286629305,0.33947157726180943
1250,0.4112,0.3392
1251,0.4116706634692246,0.33892885691446845
1252,0.41134185303514376,0.33865814696485624
1253,0.41101356743814843,0.3391859537110934
1254,0.41068580542264754,0.33891547049441784
1255,0.41115537848605577,0.3394422310756972
1256,0.410828025477707,0.33996815286624205
1257,0.411296738265712,0.34049323786793956
1258,0.4109697933227345,0.34022257551669316
1259,0.4106433677521843,0.3399523431294678
1260,0.4103174603174603,0.3396825396825397
1261,0.4107850911974623,0.3394131641554322
1262,0.4112519809825674,0.3399366085578447
1263,0.41092636579572445,0.33966745843230406
1264,0.41139240506329117,0.3401898734177215
1265,0.41106719367588934,0.33992094861660077
1266,0.41153238546603477,0.3404423380726698
1267,0.4112075769534333,0.34017363851617993
1268,0.4116719242902208,0.34069400630914826
1269,0.41134751773049644,0.3404255319148936
1270,0.41181102362204725,0.3401574803149606
1271,0.4114870180959874,0.33988985051140835
1272,0.4111635220125786,0.33962264150943394
1273,0.410840534171249,0.33935585231736054
1274,0.41130298273155413,0.33987441130298274
1275,0.4109803921568628,0.3396078431372549
1276,0.4114420062695925,0.3401253918495298
1277,0.4111198120595145,0.3398590446358653
1278,0.4107981220657277,0.3395931142410016
1279,0.4112587959343237,0.34010946051602814
1280,0.4109375,0.33984375
1281,0.4106167056986729,0.3395784543325527
1282,0.41029641185647425,0.33931357254290173
1283,0.4099766173031956,0.33904910366328916
1284,0.40965732087227413,0.338785046728972
1285,0.4101167315175097,0.33929961089494165
1286,0.4105754276827372,0.3390357698289269
1287,0.41025641025641024,0.33877233877233875
1288,0.40993788819875776,0.3385093167701863
1289,0.40961986035686576,0.33824670287044223
1290,0.41007751937984493,0.3387596899224806
1291,0.41053446940356314,0.33927188226181254
1292,0.4102167182662539,0.33900928792569657
1293,0.4098994586233565,0.33874709976798145
1294,0.4095826893353941,0.3384853168469861
1295,0.4092664092664093,0.3382239382239382
1296,0.4089506172839506,0.33796296296296297
1297,0.40863531225905936,0.33770239013107173
1298,0.4083204930662558,0.33821263482280434
1299,0.40877598152424943,0.33795227097767516
1300,0.4084615384615385,0.3376923076923077
1301,0.4089162182936203,0.3382013835511145
1302,0.40860215053763443,0.3379416282642089
1303,0.40828856485034537,0.3376822716807368
1304,0.4087423312883436,0.3374233128834356
1305,0.4084291187739464,0.3371647509578544
1306,0.40888208269525267,0.33767228177641656
1307,0.4093343534812548,0.33817903596021426
1308,0.4090214067278288,0.3379204892966361
1309,0.4087089381207028,0.33766233766233766
1310,0.4083969465648855,0.3374045801526718
1311,0.4080854309687262,0.33714721586575136
1312,0.40853658536585363,0.33689024390243905
1313,0.4082254379284082,0.33663366336633666
1314,0.408675799086758,0.3363774733637747
1315,0.40836501901140687,0.3361216730038023
1316,0.4088145896656535,0.3366261398176292
1317,0.4085041761579347,0.3363705391040243
1318,0.40895295902883155,0.33611532625189683
1319,0.4086429112964367,0.33586050037907506
1320,0.4090909090909091,0.33636363636363636
1321,0.408781226343679,0.336109008327025
1322,0.4084720121028744,0.3358547655068079
1323,0.4089191232048375,0.3363567649281935
1324,0.4093655589123867,0.3368580060422961
1325,0.409811320754717,0.3373584905660377
1326,0.4095022624434389,0.33710407239819007
1327,0.40994724943481536,0.33760361718161264
1328,0.41039156626506024,0.3381024096385542
1329,0.41008276899924756,0.3378480060195636
1330,0.4105263157894737,0.3383458646616541
1331,0.41021788129226144,0.33809166040571
1332,0.4099099099099099,0.33783783783783783
1333,0.41035258814703673,0.33833458364591146
1334,0.41004497751124436,0.33808095952023987
1335,0.40973782771535583,0.33857677902621724
1336,0.4094311377245509,0.3383233532934132
1337,0.4091249065071055,0.3380703066566941
1338,0.40881913303437967,0.33781763826606875
1339,0.409260642270351,0.33831217326362956
1340,0.4097014925373134,0.33805970149253733
1341,0.40939597315436244,0.3378076062639821
1342,0.4090909090909091,0.3375558867362146
1343,0.40878629932985855,0.33730454206999255
1344,0.40922619047619047,0.33779761904761907
1345,0.4096654275092937,0.3382899628252788
1346,0.40936106983655274,0.33803863298662706
1347,0.40905716406829995,0.33778767631774315
1348,0.40875370919881304,0.3375370919881306
1349,0.40919199406968126,0.33728687916975536
1350,0.4096296296296296,0.3377777777777778
1351,0.4100666173205033,0.3375277572168764
1352,0.40976331360946744,0.33727810650887574
1353,0.40946045824094607,0.3370288248337029
1354,0.4091580502215657,0.33677991137370755
1355,0.4088560885608856,0.33653136531365313
1356,0.4092920353982301,0.336283185840708
1357,0.4089904200442152,0.33603537214443624
1358,0.40942562592047127,0.33652430044182624
1359,0.4091243561442237,0.3362766740250184
1360,0.40955882352941175,0.33676470588235297
1361,0.40925789860396766,0.337252020573108
1362,0.4089574155653451,0.3370044052863436
1363,0.4086573734409391,0.3367571533382245
1364,0.4083577712609971,0.33651026392961875
1365,0.40805860805860805,0.3362637362637363
1366,0.4084919472913616,0.3367496339677892
1367,0.4089246525237747,0.3372348207754206
1368,0.40862573099415206,0.3369883040935672
1369,0.408327246165084,0.33674214755295834
1370,0.40875912408759124,0.3372262773722628
1371,0.4084609773887673,0.337709700948213
1372,0.40816326530612246,0.33746355685131196
1373,0.4085943190094683,0.33794610342316095
1374,0.4090247452692867,0.3384279475982533
1375,0.4087272727272727,0.3381818181818182
1376,0.40915697674418605,0.3386627906976744
1377,0.40885984023238925,0.3391430646332607
1378,0.4085631349782293,0.33889695210449927
1379,0.40899202320522116,0.3386511965192168
1380,0.40869565217391307,0.3384057971014493
1381,0.4091238233164374,0.3381607530774801
1382,0.40882778581765555,0.3379160636758321
1383,0.40853217642805495,0.3376717281272596
1384,0.4082369942196532,0.3374277456647399
1385,0.4086642599277978,0.3371841155234657
1386,0.4083694083694084,0.33694083694083693
1387,0.40807498197548664,0.33669790915645276
1388,0.40778097982708933,0.33645533141210376
1389,0.408207343412527,0.3369330453563715
1390,0.40863309352517985,0.33741007194244604
1391,0.40833932422717467,0.33716750539180446
1392,0.40876436781609193,0.33764367816091956
1393,0.40847092605886576,0.3374012921751615
1394,0.40889526542324245,0.33787661406025826
1395,0.40860215053763443,0.33763440860215055
1396,0.40902578796561606,0.33810888252148996
1397,0.4087329992841804,0.33786685755189694
1398,0.4084406294706724,0.3376251788268956
1399,0.40886347390993566,0.33738384560400286
1400,0.4085714285714286,0.33714285714285713
1401,0.40827980014275517,0.3369022127052106
1402,0.4079885877318117,0.33666191155492153
1403,0.40841054882394867,0.33713471133285816
1404,0.4081196581196581,0.3368945868945869
1405,0.4078291814946619,0.3366548042704626
1406,0.40753911806543386,0.3364153627311522
1407,0.4072494669509595,0.3361762615493959
1408,0.4069602272727273,0.3359375
1409,0.40667139815471964,0.3356990773598297
1410,0.40638297872340423,0.3354609929078014
1411,0.406094968107725,0.33522324592487596
1412,0.40580736543909346,0.334985835694051
1413,0.4062278839348903,0.3347487615003539
1414,0.40594059405940597,0.3345120226308345
1415,0.40636042402826855,0.334982332155477
1416,0.4060734463276836,0.3347457627118644
1417,0.40578687367678196,0.33450952717007765
1418,0.40620592383638926,0.33497884344146683
1419,0.4059196617336152,0.3347427766032417
1420,0.4063380281690141,0.3352112676056338
1421,0.4060520760028149,0.33497536945812806
1422,0.40646976090014064,0.33544303797468356
1423,0.40688685874912156,0.3352073085031623
1424,0.4066011235955056,0.33497191011235955
1425,0.4070175438596491,0.3354385964912281
1426,0.4067321178120617,0.33520336605890605
1427,0.4071478626489138,0.33566923615977573
1428,0.4068627450980392,0.33543417366946776
1429,0.4065780265920224,0.3351994401679496
1430,0.4062937062937063,0.334965034965035
1431,0.4060097833682739,0.33473095737246683
1432,0.4064245810055866,0.3344972067039106
1433,0.4061409630146546,0.3342637822749477
1434,0.40585774058577406,0.33403068340306835
1435,0.4062717770034843,0.3337979094076655
1436,0.40598885793871864,0.33356545961002787
1437,0.40640222686151706,0.33402922755741127
1438,0.40611961057023643,0.3337969401947149
1439,0.4065323141070188,0.33425990271021544
1440,0.40625,0.33402777777777776
1441,0.4066620402498265,0.3337959750173491
1442,0.4070735090152566,0.3342579750346741
1443,0.4074844074844075,0.33471933471933474
1444,0.40789473684210525,0.33518005540166207
1445,0.4076124567474048,0.3349480968858132
1446,0.4073305670816044,0.334716459197787
1447,0.4077401520387008,0.3344851416724257
1448,0.4074585635359116,0.3342541436464088
1449,0.40717736369910285,0.33402346445824704
1450,0.4068965517241379,0.33379310344827584
1451,0.4066161268090972,0.3335630599586492
1452,0.40633608815426997,0.3333333333333333
1453,0.4060564349621473,0.3331039229181005
1454,0.405777166437414,0.3328748280605227
1455,0.4054982817869416,0.3326460481099656
1456,0.4052197802197802,0.3324175824175824
1457,0.40494166094715167,0.3321894303363075
1458,0.4046639231824417,0.3319615912208505
1459,0.40507196710075394,0.33241946538725153
1460,0.4054794520547945,0.33287671232876714
1461,0.405886379192334,0.3333333333333333
1462,0.405608755129959,0.3331053351573187
1463,0.4053315105946685,0.33287764866712233
1464,0.40505464480874315,0.3326502732240437
1465,0.40477815699658704,0.3324232081911263
1466,0.4045020463847203,0.3321964529331514
1467,0.4042263122017723,0.3319700068166326
1468,0.4039509536784741,0.33174386920980925
1469,0.4036759700476515,0.33151803948264125
1470,0.40408163265306124,0.33197278911564626
1471,0.40380693405846363,0.3317471108089735
1472,0.40421195652173914,0.33152173913043476
1473,0.40393754243041413,0.33129667345553293
1474,0.4043419267299864,0.3310719131614654
1475,0.4047457627118644,0.33084745762711865
1476,0.40447154471544716,0.33062330623306235
1477,0.4041976980365606,0.33039945836154366
1478,0.40392422192151556,0.3301759133964817
1479,0.40365111561866124,0.3299526707234618
1480,0.40405405405405403,0.3304054054054054
1481,0.40445644834571237,0.33085752869682644
1482,0.4048582995951417,0.33130904183535764
1483,0.4052596089008766,0.3310856372218476
1484,0.4049865229110512,0.3308625336927224
1485,0.4047138047138047,0.3306397306397306
1486,0.4044414535666218,0.3304172274562584
1487,0.4041694687289845,0.3301950235373235
1488,0.40456989247311825,0.33064516129032256
1489,0.4049697783747482,0.3304231027535259
1490,0.4046979865771812,0.3302013422818792
1491,0.40509725016767273,0.3306505700871898
1492,0.40482573726541554,0.3304289544235925
1493,0.4045545880776959,0.3302076356329538
1494,0.4042838018741633,0.32998661311914324
1495,0.4040133779264214,0.32976588628762543
1496,0.4037433155080214,0.32954545454545453
1497,0.4034736138944556,0.3293253173012692
1498,0.4032042723631509,0.32910547396528705
1499,0.4029352901934623,0.32888592394929955
1500,0.4026666666666667,0.32866666666666666
1501,0.40306462358427714,0.3284477015323118
1502,0.40346205059920104,0.3288948069241012
1503,0.4038589487691284,0.32934131736526945
1504,0.4035904255319149,0.32978723404255317
1505,0.4033222591362126,0.3295681063122924
1506,0.4030544488711819,0.3293492695883134
1507,0.40345056403450563,0.3297942932979429
1508,0.40318302387267907,0.3295755968169761
1509,0.40291583830351224,0.32935719019218024
1510,0.4033112582781457,0.3291390728476821
1511,0.40304434149569823,0.32892124420913305
1512,0.4027777777777778,0.3287037037037037
1513,0.403172504957039,0.3284864507600793
1514,0.4035667107001321,0.3282694848084544
1515,0.4033003300330033,0.32805280528052805
1516,0.4030343007915567,0.32783641160949867
1517,0.4034278180619644,0.32827949901120634
1518,0.4031620553359684,0.32806324110671936
1519,0.4028966425279789,0.32784726793943386
1520,0.4026315789473684,0.32763157894736844
1521,0.40236686390532544,0.32741617357001973
1522,0.4021024967148489,0.3272010512483574
1523,0.4024950755088641,0.32698621142481943
1524,0.40223097112860895,0.32677165354330706
1525,0.4019672131147541,0.3265573770491803
1526,0.40235910878112713,0.3269986893840105
1527,0.4020956123117223,0.32678454485920105
1528,0.4018324607329843,0.32657068062827227
1529,0.40156965336821454,0.3263570961412688
1530,0.4019607843137255,0.3261437908496732
1531,0.4023514043109079,0.32593076420640105
1532,0.4027415143603133,0.3263707571801567
1533,0.4024787997390737,0.32615786040443573
1534,0.40221642764015647,0.3259452411994785
1535,0.4019543973941368,0.3257328990228013
1536,0.40234375,0.3255208333333333
1537,0.40208197787898503,0.32530904359141183
1538,0.4024707412223667,0.3250975292587776
1539,0.40220922677063026,0.3248862897985705
1540,0.4025974025974026,0.32532467532467535
1541,0.4023361453601557,0.32511356262167423
1542,0.40207522697795073,0.32490272373540857
1543,0.4024627349319507,0.32534024627349317
1544,0.4022020725388601,0.32512953367875647
1545,0.40194174757281553,0.3249190938511327
1546,0.4016817593790427,0.32470892626131953
1547,0.40206851971557855,0.32449903038138334
1548,0.4018087855297158,0.3242894056847545
1549,0.40219496449322145,0.3247256294383473
1550,0.40258064516129033,0.3251612903225806
1551,0.402321083172147,0.32495164410058025
1552,0.4020618556701031,0.3247422680412371
1553,0.40180296200901483,0.3245331616226658
1554,0.4015444015444015,0.32432432432432434
1555,0.4012861736334405,0.32411575562700967
1556,0.40167095115681234,0.32390745501285345
1557,0.40141297366730894,0.3236994219653179
1558,0.4017971758664955,0.32413350449293965
1559,0.40153944836433614,0.32392559332905707
1560,0.4012820512820513,0.32371794871794873
1561,0.401665598975016,0.32351057014734147
1562,0.4020486555697823,0.323303457106274
1563,0.4017914267434421,0.32309660908509275
1564,0.40217391304347827,0.3235294117647059
1565,0.402555910543131,0.32396166134185306
1566,0.40229885057471265,0.32375478927203066
1567,0.402680280791321,0.32354818123803447
1568,0.4024234693877551,0.32334183673469385
1569,0.4021669853409815,0.3231357552581262
1570,0.40191082802547773,0.32292993630573247
1571,0.4016549968173138,0.3227243793761935
1572,0.4020356234096692,0.32251908396946566
1573,0.4017800381436745,0.32231404958677684
1574,0.40152477763659467,0.3227445997458704
1575,0.4012698412698413,0.3225396825396825
1576,0.4016497461928934,0.3223350253807107
1577,0.4020291693088142,0.32213062777425494
1578,0.4017743979721166,0.32192648922686945
1579,0.40151994933502216,0.3217226092463585
1580,0.4012658227848101,0.32151898734177214
1581,0.4010120177103099,0.3213156230234029
1582,0.40075853350189633,0.3211125158027813
1583,0.4005053695514845,0.32090966519267217
1584,0.40025252525252525,0.3207070707070707
1585,0.40063091482649843,0.3211356466876972
1586,0.4010088272383354,0.32156368221941994
1587,0.4007561436672968,0.32136105860113423
1588,0.4005037783375315,0.3211586901763224
1589,0.4002517306482064,0.3209565764631844
1590,0.4006289308176101,0.3213836477987421
1591,0.4010056568196103,0.3211816467630421
1592,0.40138190954773867,0.32160804020100503
1593,0.4017576898932831,0.3220338983050847
1594,0.40213299874529485,0.3224592220828105
1595,0.4025078369905956,0.322884012539185
1596,0.40225563909774437,0.3226817042606516
1597,0.4026299311208516,0.3224796493425172
1598,0.4030037546933667,0.32227784730913644
1599,0.40275171982489055,0.3220762976860538
1600,0.4025,0.321875
1601,0.4028732042473454,0.3222985633978763
1602,0.40262172284644193,0.32209737827715357
1603,0.4029943855271366,0.32252027448534
1604,0.4027431421446384,0.32231920199501246
1605,0.4031152647975078,0.3221183800623053
1606,0.40348692403486924,0.3219178082191781
1607,0.403235843186061,0.32171748599875544
1608,0.40360696517412936,0.3215174129353234
1609,0.4033561218147918,0.3213175885643257
1610,0.4031055900621118,0.3217391304347826
1611,0.40347610180012417,0.32153941651148354
1612,0.40384615384615385,0.3219602977667494
1613,0.40359578425294484,0.3217606943583385
1614,0.40396530359355637,0.322180916976456
1615,0.4037151702786378,0.3219814241486068
1616,0.4040841584158416,0.3224009900990099
1617,0.4038342609771181,0.32220160791589364
1618,0.40358467243510504,0.3220024721878863
1619,0.40333539221741815,0.3218035824583076
1620,0.40370370370370373,0.32222222222222224
1621,0.4034546576187539,0.3220234423195558
1622,0.4038224414303329,0.3218249075215783
1623,0.4041897720271103,0.32224276032039434
1624,0.40455665024630544,0.3226600985221675
1625,0.40492307692307694,0.3230769230769231
1626,0.4052890528905289,0.3234932349323493
1627,0.40503995082974803,0.32329440688383526
1628,0.4047911547911548,0.3230958230958231
1629,0.4045426642111725,0.3228974831184776
1630,0.4049079754601227,0.32331288343558284
1631,0.404659717964439,0.3231146535867566
1632,0.4050245098039216,0.3235294117647059
1633,0.40477648499693814,0.32333129210042866
1634,0.40452876376988983,0.32313341493268055
1635,0.40428134556574924,0.3229357798165138
1636,0.40464547677261614,0.32334963325183375
1637,0.40500916310323765,0.32376298106291995
1638,0.4053724053724054,0.3241758241758242
1639,0.40512507626601585,0.32397803538743136
1640,0.40487804878048783,0.32378048780487806
1641,0.4052407068860451,0.3241925655088361
1642,0.4049939098660171,0.32399512789281365
1643,0.40474741326841146,0.32379793061472917
1644,0.40450121654501214,0.3236009732360097
1645,0.40486322188449847,0.32401215805471123
1646,0.4046172539489672,0.3238153098420413
1647,0.40437158469945356,0.323618700667881
1648,0.404126213592233,0.3234223300970874
1649,0.40388114008489995,0.3232261976955731
1650,0.40424242424242424,0.32303030303030306
1651,0.40399757722592367,0.3228346456692913
1652,0.4043583535108959,0.32324455205811137
1653,0.40411373260738054,0.32304900181488205
1654,0.40447400241837966,0.3234582829504232
1655,0.4042296072507553,0.32326283987915405
1656,0.40398550724637683,0.32306763285024154
1657,0.40434520217260106,0.32347616173808086
1658,0.4041013268998794,0.3232810615199035
1659,0.4038577456298975,0.323086196503918
1660,0.4036144578313253,0.3228915662650602
1661,0.40337146297411197,0.3226971703792896
1662,0.40312876052948254,0.32250300842358604
1663,0.40288634996993383,0.3223090799759471
1664,0.4026442307692308,0.32211538461538464
1665,0.403003003003003,0.3225225225225225
1666,0.40336134453781514,0.32232893157262904
1667,0.40311937612477505,0.32273545290941813
1668,0.40347721822541965,0.32314148681055155
1669,0.4038346315158778,0.32354703415218694
1670,0.4035928143712575,0.32335329341317365
1671,0.40335128665469777,0.3231597845601436
1672,0.40311004784689,0.3229665071770335
1673,0.40346682606096834,0.3233711894799761
1674,0.4038231780167264,0.3237753882915173
1675,0.40417910447761196,0.32417910447761195
1676,0.4039379474940334,0.32398568019093077
1677,0.4036970781156828,0.32379248658318427
1678,0.4034564958283671,0.32359952324195473
1679,0.4038117927337701,0.3240023823704586
1680,0.4041666666666667,0.3244047619047619
1681,0.40392623438429504,0.3242117787031529
1682,0.4036860879904875,0.32401902497027346
1683,0.40344622697563876,0.32382650029708854
1684,0.40380047505938244,0.32422802850356297
1685,0.4035608308605341,0.32403560830860534
1686,0.4033214709371293,0.3238434163701068
1687,0.4030823947836396,0.3236514522821577
1688,0.403436018957346,0.3234597156398104
1689,0.40319715808170514,0.32326820603907636
1690,0.4029585798816568,0.3230769230769231
1691,0.4027202838557067,0.3228858663512714
1692,0.4024822695035461,0.32269503546099293
1693,0.4028352037802717,0.32309509746012993
1694,0.4025974025974026,0.32290436835891384
1695,0.4023598820058997,0.32271386430678467
1696,0.40212264150943394,0.32252358490566035
1697,0.4018856806128462,0.3223335297583972
1698,0.4016489988221437,0.3221436984687868
1699,0.40200117716303707,0.3225426721600942
1700,0.4023529411764706,0.32294117647058823
1701,0.4021164021164021,0.32333921222810114
1702,0.4018801410105758,0.32314923619271446
1703,0.4016441573693482,0.32295948326482676
1704,0.40199530516431925,0.3227699530516432
1705,0.40175953079178883,0.3225806451612903
1706,0.40211019929660025,0.3223915592028136
1707,0.4024604569420035,0.3222026947861746
1708,0.4022248243559719,0.32201405152224827
1709,0.40257460503218256,0.32182562902282036
1710,0.4023391812865497,0.3216374269005848
1711,0.402104032729398,0.32144944476914084
1712,0.40186915887850466,0.3212616822429907
1713,0.4022183304144775,0.3210741389375365
1714,0.40198366394399065,0.3208868144690782
1715,0.40233236151603496,0.3212827988338192
1716,0.4026806526806527,0.32167832167832167
1717,0.40244612696563775,0.3214909726266744
1718,0.40279394644935973,0.3213038416763679
1719,0.40255962769051773,0.32111692844677137
1720,0.4029069767441861,0.3209302325581395
1721,0.4032539221382917,0.32132481115630446
1722,0.40301974448315914,0.32113821138211385
1723,0.4027858386535113,0.3209518282066164
1724,0.4031322505800464,0.3213457076566125
1725,0.4028985507246377,0.32115942028985506
1726,0.4026651216685979,0.320973348783314
1727,0.4030110017371164,0.32078749276201507
1728,0.4027777777777778,0.3211805555555556
1729,0.4025448235974552,0.3209947946790052
1730,0.4023121387283237,0.3208092485549133
1731,0.4026574234546505,0.32062391681109187
1732,0.40242494226327946,0.3204387990762125
1733,0.4021927293710329,0.32025389497980383
1734,0.4019607843137255,0.32006920415224915
1735,0.40172910662824207,0.32046109510086457
1736,0.4014976958525346,0.32027649769585254
1737,0.4012665515256189,0.3200921128382268
1738,0.4016110471806674,0.3204833141542002
1739,0.4013801035077631,0.320299022426682
1740,0.4011494252873563,0.3201149425287356
1741,0.4009190120620333,0.3199310740953475
1742,0.4012629161882893,0.3203214695752009
1743,0.40160642570281124,0.3207114170969593
1744,0.4019495412844037,0.3211009174311927
1745,0.40229226361031517,0.3209169054441261
1746,0.4020618556701031,0.3207331042382589
1747,0.4024041213508872,0.32054951345163135
1748,0.40217391304347827,0.32036613272311215
1749,0.4025157232704403,0.32075471698113206
1750,0.4022857142857143,0.32057142857142856
1751,0.40205596801827526,0.32038834951456313
1752,0.4018264840182648,0.3202054794520548
1753,0.4015972618368511,0.3200228180262407
1754,0.4013683010262258,0.3198403648802737
1755,0.4011396011396011,0.31965811965811963
1756,0.4009111617312073,0.3194760820045558
1757,0.40068298235628913,0.3192942515651679
1758,0.4004550625711035,0.3191126279863481
1759,0.4007959067652075,0.31949971574758385
1760,0.4011363636363636,0.31988636363636364
1761,0.40147643384440657,0.3202725724020443
1762,0.4018161180476731,0.3206583427922815
1763,0.4015882019285309,0.3204764605785593
1764,0.4013605442176871,0.32029478458049887
1765,0.4011331444759207,0.32011331444759206
1766,0.40090600226500567,0.3199320498301246
1767,0.400679117147708,0.31975099037917376
1768,0.40101809954751133,0.3201357466063348
1769,0.40079140757490106,0.31995477671000566
1770,0.4011299435028249,0.32033898305084746
1771,0.4009034443817053,0.3201581027667984
1772,0.4006772009029345,0.31997742663656886
1773,0.4004512126339537,0.3197969543147208
1774,0.4007891770011274,0.3201803833145434
1775,0.40112676056338026,0.32
1776,0.4009009009009009,0.31981981981981983
1777,0.4006752954417558,0.3196398424310636
1778,0.40044994375703036,0.3194600674915636
1779,0.4007869589657111,0.3192804946599213
1780,0.401123595505618,0.3196629213483146
1781,0.4008983717012914,0.31948343627175746
1782,0.4006734006734007,0.31930415263748596
1783,0.40044868199663486,0.319125070106562
1784,0.40022421524663676,0.3189461883408072
1785,0.4005602240896359,0.31932773109243695
1786,0.4008958566629339,0.31970884658454646
1787,0.40067151650811417,0.3195299384443201
1788,0.4004474272930649,0.319910514541387
1789,0.4007825600894354,0.31973169368362214
1790,0.4005586592178771,0.3195530726256983
1791,0.40033500837520936,0.3193746510329425
1792,0.40011160714285715,0.31919642857142855
1793,0.39988845510317905,0.31901840490797545
1794,0.3996655518394649,0.3188405797101449
1795,0.4,0.31866295264623956
1796,0.40033407572383073,0.3184855233853007
1797,0.4001112966054535,0.3183082915971063
1798,0.39988876529477196,0.3181312569521691
1799,0.39966648137854366,0.3179544191217343
1800,0.39944444444444444,0.31777777777777777
1801,0.39922265408106605,0.3176013325930039
1802,0.3995560488346282,0.3179800221975583
1803,0.39933444259567386,0.31835829173599556
1804,0.3991130820399113,0.3181818181818182
1805,0.3988919667590028,0.31800554016620497
1806,0.39867109634551495,0.3178294573643411
1807,0.3984504703929164,0.3176535694521306
1808,0.39823008849557523,0.3174778761061947
1809,0.39800995024875624,0.31730237700386954
1810,0.39779005524861877,0.31712707182320443
1811,0.39757040309221425,0.3169519602429597
1812,0.3973509933774834,0.31677704194260486
1813,0.39768339768339767,0.3166023166023166
1814,0.3980154355016538,0.3169790518191841
1815,0.3977961432506887,0.31735537190082647
1816,0.39812775330396477,0.31718061674008813
1817,0.3984589983489268,0.31700605393505776
1818,0.39823982398239827,0.31683168316831684
1819,0.39802089059923035,0.3166575041231446
1820,0.3978021978021978,0.31648351648351647
1821,0.3975837451949478,0.3163097199341021
1822,0.3973655323819978,0.31613611416026344
1823,0.3976961053208996,0.3165112452002194
1824,0.3980263157894737,0.3163377192982456
1825,0.3978082191780822,0.31616438356164384
1826,0.39813800657174153,0.31599123767798465
1827,0.39846743295019155,0.3163656267104543
1828,0.3982494529540481,0.3161925601750547
1829,0.3985784581738655,0.31656642974302895
1830,0.3983606557377049,0.3163934426229508
1831,0.3986892408519934,0.3167667941015838
1832,0.39847161572052403,0.3165938864628821
1833,0.3982542280414621,0.31642116748499727
1834,0.3985823336968375,0.31624863685932386
1835,0.3983651226158038,0.31607629427792916
1836,0.39869281045751637,0.3159041394335512
1837,0.3990201415351116,0.3162765378334241
1838,0.39934711643090315,0.31664853101196955
1839,0.399673735725938,0.3164763458401305
1840,0.39945652173913043,0.31630434782608696
1841,0.3997827267789245,0.3161325366648561
1842,0.3995656894679696,0.31596091205211724
1843,0.3998914812805209,0.31633206728160607
1844,0.4002169197396963,0.31670281995661603
1845,0.4,0.3165311653116531
1846,0.4003250270855905,0.31690140845070425
1847,0.40064970221981594,0.3167298321602599
1848,0.400974025974026,0.31655844155844154
1849,0.40075716603569495,0.3163872363439697
1850,0.40054054054054056,0.3162162162162162
1851,0.40032414910858993,0.3165856293895192
1852,0.40010799136069114,0.31641468682505397
1853,0.4004317323259579,0.3167835941716136
1854,0.4007551240560949,0.31715210355987056
1855,0.40107816711590294,0.3175202156334232
1856,0.40086206896551724,0.3173491379310345
1857,0.40064620355411956,0.31717824448034465
1858,0.40043057050592035,0.3170075349838536
1859,0.40021516944593866,0.3168370091447015
1860,0.4,0.31666666666666665
1861,0.399785061794734,0.31649650725416445
1862,0.40010741138560685,0.31686358754027927
1863,0.39989264626945786,0.3166935050993022
1864,0.39967811158798283,0.3165236051502146
1865,0.39946380697050937,0.3163538873994638
1866,0.3992497320471597,0.3161843515541265
1867,0.3995715050883771,0.31655061596143547
1868,0.3993576017130621,0.3163811563169165
1869,0.3996789727126806,0.3162118780096308
1870,0.39946524064171124,0.3160427807486631
1871,0.3997862105825762,0.31587386424371994
1872,0.3995726495726496,0.3157051282051282
1873,0.399359316604378,0.3155365723438334
1874,0.3991462113127001,0.31590181430096054
1875,0.3994666666666667,0.31626666666666664
1876,0.3997867803837953,0.31609808102345416
1877,0.40010655301012255,0.3164624400639318
1878,0.39989350372736954,0.31629392971246006
1879,0.3996806812134114,0.31612559872272483
1880,0.399468085106383,0.3159574468085106
